CoreFX,CoreCLR,Roslyn,Rust,Kubernetes
1,1,2,27,1
3,42,6,11,1
2,24,205,16,2
2,23,1,1,123
18,1,1,1,245
1,19,1,2,1
22,2,102,1,2
13,1,62,1,2
4,1,3,10,307
1,5,3,1,2
6,8,44,1,508
1,13,6,2,3
1,26,1,1,1
15,28,38,1,1
1,15,137,1,8
23,2,52,1,78
28,7,1,1,42
1,2,30,7,11
1,1,86,42,10
5,7,1,150,72
1,1,1,111,3
1,1,60,81,36
2,11,1,75,4
1,20,5,58,1
32,55,89,1,2
12,17,188,19,114
1,1,130,15,19
2,6,1,1,3
6,340,35,1,2
56,168,15,6,1
12,3,1,1,1
2,1,1,1,1
8,4,105,1,12
11,1,219,1,3
1,6,3,5,1
1,4,4,3,1
1,1,33,3,5
1,1,65,10,1
1,1,2,4,4
4,1,3,1,6
2,1,12,1,1
2,1,164,9,9
85,18,4,11,6
1,2,2,6,1
10,67,85,5,1
11,8,39,1,25
130,60,22,5,2
2,4,1,7,2
62,22,37,1,3
5,1,59,1,4
23,6,4,2,1
145,6,2,1,157
61,30,4,2,1
1,1,39,1,1
1,2,55,2,2
28,1,40,5,23
18,1,1,7,7
6,12,1,1,6
15,3,3,1,3
8,111,3,14,1
4,1,1,11,1
1,10,5,7,1
130,1,2,2,40
26,69,198,1,2
1,4,11,1,4
3,12,1,3,1
17,1,15,1,139
16,1,2,3,2
6,1,409,9,32
54,3,1,14,125
17,1,1,37,1
1,2,2,46,1
43,5,36,1,5
6,3,133,1,2
1,4,1,1,45
34,14,2,1,1
39,3,9,1,9
6,3,31,1,1
19,76,4,2,2
1,111,1,4,1
1,1,23,2,3
4,5,303,1,3
192,26,210,1,2
1,5,1,1,890
35,1,32,3,2
2,28,57,25,375
1,1,1,9,1
2,3,95,4,1
1,10,1,8,1
6,5,4,6,166
2,9,16,2,3
5,15,52,1,18
182,237,1,14,3
1,2,251,3,1
2,180,274,5,1
21,300,2,2,1
6,14,1,2,48
41,1,1,1,489
2,4,34,1,2
7,34,77,15,10
2,5,231,12,14
1,10,2,39,2
3,1,58,35,687
23,14,322,16,2
12,37,4,2,39
6,4,5,1,1
8,9,1,1,2
3,2,7,7,2
1253,8,70,2,106
1,5,2,2,377
35,3,2,25,459
1,20,1,33,251
3,37,6,2,24
1,2,6,7,1
2,7,31,14,47
5,1,1,10,2
7,109,6,11,67
1,1,194,5,245
75,4,10,6,3
1,3,1,9,1
1,4,3,1,5
2,1,12,1,41
2,25,2,1,67
1,2,2,2,1
1,3,1,1,4
36,12,36,1,1
80,3,2,28,1
211,12,3,11,1
1,605,9,12,9
1,308,36,1,1
4,2,4,6,7
1,75,47,1,3
4,9,87,6,3
1,1,15,1,53
9,6,68,1,6
67,4,1,34,85
6,1,1,46,2
6,2,1,6,69
4,9,1,1,1
1,31,1,3,1
5,4,1,2,24
1,1,3,5,6
2,17,1,2,183
1,4,1,1,308
1,2,1,2,6
1,20,1,3,74
32,5,1,1,8
13,1,2,1,15
1,105,1,2,4
2,8,1,1,6
3,2,1,1,20
9,2,1,1,119
1,2,2,11,10
42,30,1,6,2
1,17,2,3,47
1,6,1,1,627
13,1,1,2,32
115,1,5,5,22
1,43,1,1,1
166,4,1,1,1
6,1,1,1,1
1,54,1,5,1
1,5,197,3,4
244,47,12,3,56
1,60,441,1,1
25,2,1,1,9
3,1,10,6,2
1,3,12,1,1
1,8,149,1,3
102,35,1,2,22
19,3,1,1,9
185,1,31,2,31
181,200,3,1,12
1,1,5,7,98
1,1,12,1,1
25,57,1,1,57
1,23,446,1,1
7,2,4,3,3
1,118,342,1,1
1,1,1,1,4
1,3,1,1,58
5,1,1,1,1
26,25,11,1,1
136,10,120,1,3
1,106,54,63,61
8,2,2,9,1
32,187,67,4,1
118,2,24,1,180
7,104,89,1,1
7,2,1,3,1
2,15,31,1,3
5,1,1,1,4
1,28,408,1,8
247,5,488,1,1
23,1,1,1,252
4,1,128,2,7
10,1,1,3,142
121,1,55,4,13
124,4,384,4,1
34,1,1,1,4
5,1,3,9,91
183,1,13,2,9
6,1,540,2,1
5,20,3,2,2
30,1,13,2,9
6,5,2,1,23
49,1,170,1,382
1,1,2,2,92
17,1,13,15,19
19,3,3,14,1
17,3,4,1,115
6,1,8,1,6
27,7,2,1,15
63,1,10,1,15
23,1,1,1,53
2,1,22,5,1
20,1,181,1,1
102,5,9,57,1
27,2,1,1,4
20,87,38,1,3
3,33,1,1,1
1,14,14,1,5
1,1,1,1,61
9,53,2,7,2
1,58,106,7,1
11,19,1,12,1
1,1,1,26,642
9,8,329,2,67
1,3,1,2,1
2,2,31,1,1
40,2,3,1,2
1,1,27,18,7
2,110,5,27,1
6,1,58,21,100
3,1,97,9,1
2,2,41,1,26
3,29,40,1,252
9,3,1,4,328
21,53,1,4,3
1,264,1,4,1
3,489,1,32,1
12,333,1,48,1
2,12,1,42,1
3,3,1,78,1
1,1,2,53,2
2,1,7,1,1
6,1,1,2,1
3,1,4,4,7
3,37,3,7,1
64,108,5,3,1
1,6,1,6,26
4,6,1,3,29
2,5,1,6,58
26,33,1,34,377
45,7,1,5,251
3,2,1,2,400
1,1,1,1,17
4,1,1,2,1
4,31,2,2,1
1744,12,1,3,204
1,5,5,2,1
21,8,1,3,355
108,22,1,2,21
9,3,4,1,7
1,7,1,4,14
2,9,1,1,2
8,3,1,1,2
1,95,1,2,5
1,3,2,1,17
1,7,1,1,55
2,21,1,6,1
1,1,1,2,1
2,12,1,1,3
3,37,1,26,103
1,15,144,22,4
1,1,65,13,29
1,4,6,2,6
1,5,308,1,2
1,1,1,4,1
1,5,24,4,1
3,660,2,11,1
1,382,5,2,110
1,5,5,1,25
27,98,1,2,4
1,3,244,1,20
1,23,1,5,7
2,2,1,6,1
19,13,37,1,1
1,2,8,1,1
1,49,338,1,1
4,9,8,3,12
2,76,1,1,18
2,1,7,1,1
1,28,2,7,4
1,5,379,5,5
1,13,7,6,353
1,34,91,1,3
2,15,2,4,1
1,5,643,22,9
1,1,54,19,16
1,3,291,7,182
1,3,32,18,2
1,2,182,1,9
1,67,46,8,1
1,2,1,1,1
2,1,1,1,1
1,8,435,23,7
1,36,493,55,1
1,2,165,30,1
1,23,2,15,185
11,1,25,8,4
2,6,1,1,4
1,73,1,2,1
14,32,37,12,1
200,3,456,10,8
488,1,4,11,1
4,13,1,13,1
6,1,1,8,10
25,1,83,1,1
4,23,1,1,1
2,1,7,3,1
35,1,2,1,1
9,180,238,3,30
26,4,22,1,443
10,5,5,1,4
13,2,1,2,3
2,7,1,5,1
3,2,1,8,2
1,10,1,1,5
2,1,3,2,1
1,11,156,1,561
3,3,16,1,14
9,108,15,4,8
1,3,17,1,24
1,9,1,4,6
1,16,2,1,2
25,42,7,1,5
1,2,2,1,272
3,38,8,1,11
1,22,3,1,1
13,1,384,1,26
3,1,1,6,239
50,36,1,9,284
4,1,118,1,217
5,195,5,1,2
2,39,1,1,13
54,2,83,1,1
70,6,1,1,3
2,13,2,3,2
761,58,28,2,1
15,2,2,1,3
1,2,85,1,2
210,2,46,1,241
1,1,1,1,1
46,3,3,2,4
16,1,1,1,24
4,1,1,4,58
6,1,1,20,77
8,2,3,25,110
2,1,5,31,90
37,1,1,1,3
170,4,1,3,2
122,1,2,5,59
3,1,2,16,4
1,1,1,2,41
1,1,1,3,5
1,1,1,1,1
3,1,1,1,4
46,3,5,1,26
11,1,2,1,1
94,1,1,1,1
1,1,2,1,2
1,1,2,4,3
2,2,1,13,10
24,2,1,43,41
50,1,1,12,2
6,1,1,21,2
119,1,1,1,8
1,5,85,1,1
2,1,2,2,7
1,4,1,5,35
13,2,92,1,1
187,24,4,1,78
21,1,9,3,1
8,9,7,1,3
5,8,4,1,3
163,4,25,1,32
113,8,53,4,1
1,114,3,36,1
1,65,173,175,12
3,6,2,129,135
2,108,1,136,1
54,4,41,65,19
9,22,203,57,1
179,4,7,25,315
1,19,3,7,61
7,18,58,1,7
3,63,1,1,1
69,1,634,4,9
1,2,1,1,26
82,1,2,3,65
5,2,2,2,3
71,5,129,1,1
2,2,92,6,1
3,1,84,6,7
22,133,29,1,27
39,9,1,1,1
70,5,260,1,55
8,1,249,7,3
80,17,41,14,3
1,41,1,2,19
7,33,105,5,2
6,173,12,1,238
1,305,172,1,1
2,335,2,2,3
1,4,1,1,1
1,1,10,1,74
2,3,1,1,96
21,4,101,2,68
8,1,1,2,535
48,109,1,2,4
1,12,17,4,1
14,1,1,3,6
4,10,59,4,1
5,18,9,6,3
9,13,9,10,11
4,1,4,2,2
8,13,75,2,7
47,3,2,11,74
1,50,168,10,1
1,60,7,5,183
12,3,5,1,1
1,37,6,1,2
1,2,1,1,132
6,93,5,1,1
9,2,7,1,5
1,2,1,1,3
1,6,75,4,99
70,11,11,20,72
1,28,1,45,3
1,1,1,34,6
3,1,3,1,2
1,1,1,1,73
1,23,1,1,1
2,5,1,2,122
5,1,1,1,31
1,729,2,2,1
2,163,1,3,4
2,4,1,4,1
1,159,1,2,1
2,1,1,35,6
2,1,2,4,1
8,1,1,6,37
7,7,1,2,13
229,7,4,3,18
82,27,2,1,2
2,1,,2,2
27,32,,1,13
1,5,,1,33
97,10,,8,49
2,3,,9,167
2,11,,2,2
1,1,,1,2
1,2,,1,1
1718,50,,1,1
21,10,,1,226
11,19,,1,2
122,10,,14,2
18,23,,13,1
7,37,,24,5
4,2,,23,51
8,4,,23,1
7,5,,1,16
1,7,,10,24
1,21,,1,8
1,15,,2,4
1,1,,26,1
18,23,,20,220
5,85,,14,1
1,36,,4,1
25,2,,7,2
1,7,,6,108
1,1,,9,27
1,1,,13,1
1,76,,1,1
1,1,,3,1
1,1,,1,86
1,1,,1,78
8,10,,1,1
1,1,,1,171
1,3,,16,15
1,75,,11,1
1,25,,12,9
1,23,,1,2
3,7,,1,2
1,97,,3,1
1,13,,4,18
2,30,,1,143
2,221,,1,1
1,1,,1,1
1,41,,50,7
1,8,,71,4
24,3,,2,71
1,116,,1,17
6,69,,2,19
6,1,,1,258
1,6,,4,1
1,4,,2,8
1,6,,1,4
2,1,,4,20
2,1,,1,9
1,1,,1,1
1,1,,3,1
1,1,,1,4
1,1,,1,5
1,1,,1,4
27,1,,12,2
1,1,,2,1
69,1,,1,1
13,1,,1,2
156,2,,1,10
1,1,,1,175
516,1,,13,8
8,3,,1,3
5,2,,2,2
3,2,,6,1
38,2,,1,18
19,1,,1,1
4,1,,2,2
3,1,,1,281
7,1,,1,104
157,1,,3,2
3,1,,3,1
6,8,,1,1
4,1,,2,1
1,1,,1,24
1,1,,1,1
5,1,,2,1
1,3,,2,1
1,1,,3,2
3,1,,6,158
3,1,,2,1
4,1,,1,1
1,1,,3,2
12,1,,1,12
3,29,,3,9
56,40,,7,1
1,16,,1,1
2,15,,43,1
1,10,,6,1
33,3,,11,1
1,72,,1,2
2,15,,1,5
9,2,,1,11
5,129,,1,1
2,3,,1,2
1,22,,1,1
5,4,,1,125
8,1,,5,25
1,14,,17,298
2,1,,13,4
11,18,,2,5
17,41,,9,1
475,1,,4,1
2,2,,1,1
42,2,,1,1
1,1,,3,1
236,7,,1,2
1,18,,2,2
1,23,,3,1
24,76,,1,4
2,105,,33,1
3,1,,18,1
2,1,,1,1
5,101,,1,8
1,1,,15,2
75,42,,1,1
107,5,,95,1
1,8,,1,1
6,37,,2,1
14,4,,1,1
1,2,,1,1
1,6,,1,1
1,71,,1,1
4,4,,2,10
87,4,,6,1
1,4,,8,1
1,9,,21,3
1,7,,3,6
9,19,,1,1
11,38,,1,1
4,1,,1,1
17,1,,1,5
2,1,,1,2
2,12,,13,1
3,4,,25,1
1,5,,10,1
2,2,,4,1
268,1,,1,4
35,435,,2,1
2,103,,1,1
1,7,,9,1
3,128,,47,1
8,1,,37,1
2,7,,29,1
2,21,,83,2
181,9,,15,1
1,13,,1,1
76,36,,1,131
2,4,,1,1
2,2,,7,1
1,32,,5,1
8,3,,4,1
1,2,,2,2
75,3,,9,1
114,3,,2,2
16,22,,8,90
89,1,,68,1
54,12,,1,1
2,1,,4,309
11,14,,1,508
2,37,,1,70
32,1,,1,271
79,19,,3,1
12,1,,2,105
1,6,,3,5
1,1,,2,50
35,6,,3,1
3,1,,1,1
1,12,,2,1
1,45,,1,1
13,10,,1,1
1,4,,3,4
8,3,,2,14
3,2,,1,4
3,73,,21,29
1,3,,20,14
1,4,,1,1
18,1,,17,1
27,64,,1,15
35,76,,2,22
20,58,,5,19
81,84,,2,20
2,23,,5,6
3,3,,2,2
11,6,,3,5
4,184,,1,4
3,3,,5,1
14,16,,9,3
2,40,,1,7
13,2,,1,6
1,1,,1,2
5,56,,2,1
7,33,,2,145
20,2,,2,1
1,2,,3,44
1,1,,5,1
30,11,,1,34
3,3,,3,1
1,1,,1,1
1,1,,1,55
6,1,,1,4
195,3,,9,2
56,2,,12,1
1,1,,9,25
2,1,,2,21
1,1,,11,5
3,1,,1,6
7,1,,1,5
1,2,,11,23
1085,1,,1,37
1,1,,1,121
9,2,,1,4
1,1,,54,190
1,1,,64,1
23,1,,30,5
90,3,,14,219
1,18,,8,2
7,9,,1,2
52,20,,1,4
14,6,,12,11
2,1,,9,38
2,,,5,2
1,,,11,35
1,,,8,9
1,,,2,244
50,,,2,26
2,,,1,4
5,,,1,13
1,,,1,3
1,,,1,1
1,,,1,12
1,,,4,1
4,,,9,4
3,,,1,12
1,,,2,1
1,,,3,48
1,,,2,162
2,,,4,37
1,,,3,1
1,,,1,42
1,,,2,342
1,,,1,5
1,,,1,26
18,,,1,2
1,,,1,2
1,,,1,8
2,,,2,1
1,,,5,6
1,,,1,1
1,,,1,11
1,,,1,36
1,,,1,196
1,,,1,17
7,,,1,1
1,,,1,28
1,,,1,17
1,,,1,70
1,,,1,579
1,,,1,1
2,,,1,8
1,,,1,68
1,,,1,6
89,,,1,346
1,,,1,176
1,,,1,38
2,,,1,4
1,,,1,10
1,,,1,2
4,,,1,7
1,,,6,1
1,,,15,23
1,,,20,101
1,,,23,1
2,,,5,12
4,,,3,2
1,,,1,3
1,,,2,658
1,,,1,2
3,,,3,34
9,,,1,87
1,,,1,72
1,,,3,96
104,,,1,13
1,,,1,12
27,,,4,144
267,,,48,1
34,,,19,14
1,,,13,1
5,,,3,20
18,,,4,10
8,,,1,15
5,,,1,34
5,,,1,7
12,,,2,1
136,,,1,3
1,,,2,1
3,,,1,58
1,,,4,1
2,,,29,1
3,,,179,15
11,,,118,2
4,,,97,85
12,,,85,1
2,,,56,5
2,,,1,1
3,,,11,19
3,,,1,8
1,,,1,5
4,,,2,11
2,,,2,16
3,,,4,5
2,,,1,5
1,,,3,2
2,,,3,5
1,,,1,2
174,,,8,42
1,,,4,12
12,,,3,1
1,,,13,31
166,,,1,1
2,,,13,3
7,,,22,15
8,,,2,3
6,,,1,184
1,,,2,2
9,,,6,2
111,,,2,2
3,,,1,1
8,,,1,26
1,,,1,207
1,,,1,9
10,,,1,1
3,,,1,26
20,,,1,58
1,,,1,7
4,,,1,1
3,,,2,14
2,,,1,1
8,,,7,11
21,,,2,2
87,,,1,4
7,,,16,1
5,,,2,2
2,,,6,3
1,,,1,35
1,,,2,1
85,,,1,1
4,,,2,91
15,,,26,57
2,,,19,17
3,,,28,4
1,,,1,1
23,,,1,1
16,,,1,1
1,,,1,1
2,,,1,1
2,,,1,23
13,,,1,11
2,,,1,678
1,,,1,18
1,,,1,1
1,,,1,191
4,,,1,23
29,,,1,90
1,,,1,719
5,,,2,4253
19,,,33,6
2,,,6,3
4,,,2,79
3,,,3,8
1,,,6,17
17,,,1,1
6,,,1,98
14,,,1,2
8,,,7,17
18,,,1,60
3,,,1,2
4,,,7,2
1,,,6,1
1,,,14,131
1,,,1,6
1,,,2,1
3,,,7,3
1,,,21,433
4,,,32,7
3,,,41,12
22,,,26,2
2,,,40,6
1,,,1,63
42,,,1,119
181,,,2,1
16,,,2,122
3,,,2,1
6,,,7,6
1,,,30,19
527,,,17,2
21,,,1,85
24,,,18,22
38,,,3,192
2,,,5,9
1,,,8,1
7,,,11,43
54,,,21,9
10,,,3,17
1,,,1,1
1,,,1,2
3,,,3,32
1,,,1,2
1,,,1,19
1,,,19,2
1,,,14,34
5,,,7,99
1,,,2,1
3,,,4,2
16,,,34,2
2,,,36,2
1,,,2,1
1,,,1,83
1,,,1,33
1,,,1,171
1,,,2,1
1,,,4,147
2,,,1,3
1,,,3,2
5,,,1,1
2,,,1,266
2,,,2,3
1,,,6,12
2,,,1,1
1,,,3,89
2,,,1,80
1,,,2,1
7,,,1,14
110,,,16,113
2,,,1,6
3,,,1,1
1,,,5,1
30,,,1,22
2,,,2,38
6,,,5,1
1,,,3,70
1,,,1,19
,,,2,4
,,,1,14
,,,1,1
,,,2,1
,,,1,21
,,,1,10
,,,2,53
,,,1,3
,,,2,2
,,,3,1
,,,8,1
,,,9,140
,,,1,17
,,,2,99
,,,1,1
,,,2,131
,,,43,1
,,,8,20
,,,4,6
,,,1,1
,,,1,2
,,,1,3
,,,1,1
,,,1,12
,,,2,1
,,,11,19
,,,34,87
,,,11,98
,,,6,2
,,,1,2
,,,2,28
,,,1,3
,,,1,136
,,,3,186
,,,2,2
,,,1,2
,,,37,26
,,,16,10
,,,2,204
,,,3,1
,,,3,3
,,,1,3
,,,1,1
,,,6,1
,,,1,1
,,,65,2
,,,3,28
,,,1,2
,,,1,39
,,,2,57
,,,2,1
,,,4,1
,,,1,2
,,,43,1
,,,19,50
,,,4,70
,,,1,1
,,,1,4
,,,2,34
,,,14,29
,,,10,74
,,,19,5
,,,8,1
,,,1,1
,,,2,9
,,,1,18
,,,2,2
,,,8,10
,,,33,2
,,,39,11
,,,35,1
,,,76,1
,,,15,16
,,,3,1
,,,1,9
,,,4,441
,,,5,1
,,,2,187
,,,5,98
,,,1,5
,,,4,1
,,,3,1
,,,19,4
,,,55,1
,,,1,1
,,,4,1
,,,3,1
,,,1,1
,,,2,1
,,,1,1
,,,3,2
,,,4,1
,,,2,1
,,,1,1
,,,1,7
,,,3,1
,,,1,3
,,,1,1
,,,1,1
,,,1,1
,,,1,1
,,,37,1
,,,11,1
,,,2,1
,,,9,22
,,,1,3
,,,1,1
,,,1,5
,,,2,1
,,,1,1
,,,3,14
,,,2,1
,,,12,1
,,,4,1
,,,1,1
,,,2,167
,,,1,1
,,,1,2
,,,1,3
,,,1,51
,,,2,30
,,,2,1
,,,14,4
,,,11,2
,,,1,2
,,,1,32
,,,1,1
,,,1,1
,,,1,3
,,,7,1
,,,4,1
,,,1,1
,,,5,2
,,,6,6
,,,9,1
,,,13,1
,,,14,1
,,,6,1
,,,9,1
,,,1,2
,,,2,2
,,,1,1
,,,7,1
,,,8,1
,,,2,1
,,,1,1
,,,1,1
,,,50,1
,,,56,1
,,,56,1
,,,13,1
,,,6,1
,,,2,1
,,,7,15
,,,11,1
,,,4,1
,,,10,1
,,,10,3
,,,12,1
,,,1,13
,,,4,28
,,,2,4
,,,1,3
,,,1,2
,,,5,1
,,,1,9
,,,2,1
,,,1,1
,,,1,1
,,,11,1
,,,8,1
,,,1,2
,,,1,1
,,,1,1
,,,1,7
,,,5,2
,,,5,2
,,,3,1
,,,1,1
,,,1,2
,,,1,1
,,,1,4
,,,1,1
,,,1,1
,,,1,10
,,,1,2
,,,1,1
,,,1,1
,,,1,1
,,,1,1
,,,1,2
,,,4,2
,,,4,1
,,,1,88
,,,1,1
,,,1,2
,,,1,1
,,,1,1
,,,1,1
,,,1,1
,,,1,17
,,,1,2
,,,1,1
,,,1,1
,,,1,8
,,,1,185
,,,1,3
,,,1,45
,,,2,1
,,,1,1
,,,1,2
,,,1,1
,,,1,1
,,,3,26
,,,4,438
,,,21,1
,,,25,25
,,,38,1
,,,5,17
,,,17,2
,,,1,17
,,,1,1
,,,1,1
,,,1,7
,,,6,2
,,,30,1
,,,7,2
,,,13,4
,,,2,1
,,,1,303
,,,3,1
,,,1,1
,,,1,64
,,,4,2
,,,1,10
,,,5,5
,,,1,1
,,,1,103
,,,1,1
,,,32,3
,,,212,5
,,,100,1
,,,90,1
,,,75,1
,,,53,20
,,,2,1
,,,9,4
,,,1,9
,,,2,2
,,,2,2
,,,2,21
,,,2,4
,,,1,1
,,,2,50
,,,1,1
,,,1,3
,,,1,1
,,,1,1
,,,10,31
,,,3,47
,,,16,2
,,,6,29
,,,1,13
,,,1,25
,,,1,66
,,,1,3
,,,12,2
,,,32,57
,,,7,19
,,,1,2
,,,1,1
,,,4,8
,,,4,2
,,,1,85
,,,1,2
,,,1,21
,,,1,238
,,,7,7
,,,3,1
,,,1,140
,,,2,1
,,,12,2
,,,3,47
,,,2,1
,,,1,5
,,,1,2
,,,3,8
,,,4,63
,,,2,3
,,,2,15
,,,2,1
,,,1,4
,,,3,11
,,,13,1
,,,27,1
,,,12,96
,,,2,1
,,,1,37
,,,1,1
,,,1,10
,,,2,16
,,,1,3
,,,1,2
,,,1,3
,,,2,150
,,,2,1
,,,2,4
,,,34,32
,,,8,1
,,,1,39
,,,1,2
,,,1,93
,,,1,4
,,,1,1
,,,1,15
,,,1,1
,,,1,1
,,,1,5
,,,2,1
,,,7,60
,,,1,5
,,,7,204
,,,3,1
,,,9,1
,,,2,18
,,,2,12
,,,1,1
,,,2,96
,,,1,324
,,,23,4
,,,38,63
,,,56,106
,,,50,14
,,,4,90
,,,1,2
,,,1,1
,,,1,29
,,,1,201
,,,6,3
,,,21,28
,,,22,9
,,,2,27
,,,45,1
,,,5,607
,,,4,7
,,,4,1
,,,11,27
,,,5,34
,,,2,37
,,,1,20
,,,1,2
,,,1,1
,,,1,1
,,,2,7
,,,1,13
,,,1,150
,,,1,2
,,,15,23
,,,13,9
,,,11,1
,,,16,23
,,,1,1
,,,5,44
,,,1,1
,,,22,1
,,,35,3
,,,4,1
,,,3,3
,,,1,20
,,,1,1
,,,2,4
,,,5,35
,,,1,110
,,,2,2
,,,1,7
,,,2,8
,,,4,4
,,,3,1
,,,1,1
,,,1,14
,,,2,2
,,,1,1
,,,4,2
,,,1,1
,,,1,2
,,,1,22
,,,4,4
,,,8,1
,,,2,1
,,,4,20
,,,6,7
,,,1,93
,,,4,35
,,,1,2
,,,2,1
,,,3,2
,,,1,5
,,,3,174
,,,1,3
,,,1,16
,,,1,34
,,,2,2
,,,3,5
,,,3,3
,,,1,6
,,,1,1
,,,5,1
,,,29,47
,,,6,18
,,,6,1
,,,2,32
,,,1,11
,,,1,11
,,,1,27
,,,1,2
,,,3,1
,,,2,2
,,,1,1
,,,1,1
,,,1,1
,,,2,49
,,,1,770
,,,9,1
,,,18,12
,,,8,211
,,,10,187
,,,10,1
,,,3,59
,,,2,4421
,,,2,1
,,,1,33
,,,3,1
,,,33,1
,,,9,26
,,,1,15
,,,1,1
,,,5,1
,,,1,1
,,,1,119
,,,1,13
,,,1,54
,,,1,118
,,,1,4
,,,5,1
,,,1,16
,,,1,8
,,,60,6
,,,4,59
,,,1,1
,,,2,1
,,,1,14
,,,2,7
,,,1,2
,,,7,6
,,,1,16
,,,32,20
,,,8,4
,,,1,268
,,,4,191
,,,2,2
,,,1,2
,,,1,1
,,,1,1
,,,12,24
,,,16,87
,,,5,347
,,,9,4
,,,1,17
,,,2,28
,,,1,2
,,,1,23
,,,4,1
,,,27,1
,,,28,32
,,,41,2
,,,79,23
,,,17,2
,,,2,6
,,,2,2
,,,4,1
,,,3,12
,,,3,1
,,,1,5
,,,5,8
,,,27,1
,,,63,1
,,,1,6
,,,1,1
,,,2,59
,,,2,37
,,,1,5
,,,2,3
,,,1,13
,,,3,66
,,,4,18
,,,4,28
,,,4,289
,,,3,2
,,,1,2
,,,1,3
,,,2,1
,,,6,12
,,,1,209
,,,1,3
,,,1,3
,,,1,27
,,,2,1
,,,23,34
,,,14,30
,,,2,9
,,,14,7
,,,1,9
,,,1,3
,,,3,130
,,,2,10
,,,2,2
,,,4,1
,,,6,1
,,,1,14
,,,4,55
,,,1,6
,,,1,1
,,,3,5
,,,14,124
,,,7,6
,,,1,6
,,,1,26
,,,1,2
,,,1,17
,,,1,5
,,,1,4
,,,3,2
,,,3,3
,,,1,3
,,,10,237
,,,8,9
,,,15,1
,,,17,5
,,,9,2
,,,2,1
,,,1,29
,,,2,1
,,,12,1
,,,4,1
,,,2,4
,,,1,1
,,,1,1
,,,96,2
,,,31,2
,,,34,67
,,,10,35
,,,6,73
,,,1,1
,,,1,2
,,,1,50
,,,11,1
,,,11,3
,,,7,20
,,,11,47
,,,17,42
,,,10,52
,,,1,44
,,,4,5
,,,1,1
,,,7,6
,,,2,16
,,,3,3
,,,2,225
,,,1,1
,,,5,3
,,,16,6
,,,1,1
,,,1,1
,,,9,15
,,,3,17
,,,1,8
,,,1,48
,,,1,1
,,,3,6
,,,1,3
,,,1,3
,,,1,1
,,,1,7
,,,3,4
,,,3,74
,,,2,1
,,,1,2
,,,1,1
,,,1,36
,,,1,45
,,,1,1
,,,1,1
,,,1,1
,,,1,12
,,,1,1
,,,1,14
,,,1,1
,,,3,1
,,,1,23
,,,1,5
,,,1,1
,,,1,2
,,,1,7
,,,1,1
,,,1,3
,,,1,1
,,,1,15
,,,1,15
,,,1,5
,,,1,6
,,,1,66
,,,2,204
,,,4,434
,,,21,5
,,,23,158
,,,24,19
,,,9,2
,,,13,3
,,,1,1
,,,1,1
,,,2,2
,,,1,1
,,,1,3
,,,1,1
,,,3,1
,,,1,1
,,,1,1
,,,16,1
,,,15,1
,,,12,1
,,,2,3
,,,1,1
,,,1,1
,,,1,1
,,,3,1
,,,3,1
,,,1,2
,,,3,4
,,,2,6
,,,37,1
,,,197,1
,,,81,1
,,,73,1
,,,82,12
,,,55,1
,,,2,1691
,,,28,1
,,,4,7
,,,1,2
,,,1,6
,,,1,1
,,,1,2
,,,1,10
,,,2,1
,,,1,10
,,,1,2
,,,1,1
,,,6,1
,,,2,1
,,,3,1
,,,7,2
,,,1,1
,,,1,1
,,,1,2
,,,1,1
,,,16,1
,,,23,1
,,,6,1
,,,1,1
,,,1,1
,,,4,2
,,,4,1
,,,4,2
,,,1,1
,,,1,2
,,,3,2
,,,5,2
,,,3,1
,,,1,1
,,,13,3
,,,7,92
,,,2,4
,,,2,1
,,,1,1
,,,2,1
,,,2,1
,,,1,1
,,,3,1
,,,4,1
,,,20,1
,,,20,1
,,,7,1
,,,1,1
,,,2,3
,,,1,1
,,,2,1
,,,1,8
,,,2,1
,,,1,2
,,,2,1
,,,1,1
,,,1,4
,,,1,1
,,,4,7
,,,2,3
,,,1,1
,,,27,1
,,,6,1
,,,2,1
,,,7,1
,,,2,1
,,,1,1
,,,1,1
,,,1,1
,,,1,5
,,,2,1
,,,1,1
,,,2,1
,,,1,1
,,,13,1
,,,2,1
,,,8,1
,,,1,4
,,,1,1
,,,4,2
,,,1,1
,,,2,1
,,,10,1
,,,24,1
,,,42,1
,,,54,1
,,,44,1
,,,1,1
,,,2,1
,,,2,1
,,,2,1
,,,2,1
,,,1,1
,,,9,27
,,,28,97
,,,17,30
,,,1,1
,,,1,64
,,,5,66
,,,23,2
,,,17,2
,,,2,1
,,,9,6
,,,9,40
,,,3,11
,,,1,5
,,,1,2
,,,1,8
,,,1,251
,,,2,6
,,,1,3
,,,7,1
,,,1,1
,,,1,30
,,,34,16
,,,17,30
,,,12,1
,,,13,1
,,,2,59
,,,3,6
,,,2,12
,,,1,2
,,,1,205
,,,39,38
,,,29,2
,,,2,1
,,,2,7
,,,1,2
,,,1,10
,,,1,98
,,,1,1
,,,2,2
,,,3,1
,,,1,6
,,,1,1
,,,2,1
,,,3,2
,,,5,1
,,,1,2
,,,3,3
,,,10,5
,,,3,3
,,,1,4
,,,1,77
,,,3,5
,,,2,3
,,,1,6
,,,1,43
,,,1,24
,,,6,2
,,,7,1
,,,1,121
,,,1,5
,,,1,2
,,,5,1
,,,6,8
,,,5,70
,,,1,1
,,,1,27
,,,2,1
,,,2,1
,,,2,2
,,,1,3
,,,1,1
,,,2,2
,,,3,1
,,,2,3
,,,2,39
,,,1,7
,,,2,3
,,,1,1
,,,1,1
,,,14,2
,,,43,4
,,,3,4
,,,13,6
,,,2,77
,,,1,3
,,,1,5
,,,1,8
,,,1,7
,,,1,10
,,,1,41
,,,3,1
,,,1,11
,,,1,13
,,,1,1
,,,9,60
,,,4,15
,,,5,8
,,,15,34
,,,32,18
,,,13,36
,,,11,25
,,,2,15
,,,3,35
,,,2,2
,,,2,12
,,,2,29
,,,43,8
,,,17,2
,,,13,15
,,,1,11
,,,3,206
,,,2,2
,,,3,14
,,,3,5
,,,1,1
,,,1,1
,,,1,115
,,,14,1
,,,4,8
,,,80,21
,,,1,71
,,,1,2
,,,1,3
,,,3,2
,,,7,1
,,,4,32
,,,26,1
,,,17,1
,,,1,1
,,,1,36
,,,1,6
,,,1,32
,,,2,27
,,,1,2
,,,11,3
,,,29,1
,,,12,1
,,,2,2
,,,3,1
,,,1,4
,,,1,2
,,,2,4
,,,24,22
,,,43,11
,,,50,3
,,,78,1
,,,19,1
,,,2,59
,,,9,1
,,,6,1
,,,4,2
,,,4,1
,,,3,15
,,,3,1
,,,36,4
,,,81,1
,,,1,2
,,,2,7
,,,1,2
,,,11,1
,,,5,22
,,,4,2
,,,4,46
,,,3,1
,,,1,1
,,,2,7
,,,5,7
,,,3,21
,,,1,434
,,,2,1
,,,1,1
,,,3,74
,,,14,26
,,,1,4
,,,1,12
,,,3,316
,,,22,1
,,,6,10
,,,5,2
,,,17,99
,,,1,2
,,,2,1
,,,2,3
,,,8,5
,,,5,43
,,,1,3
,,,1,30
,,,2,41
,,,4,3
,,,7,39
,,,9,5
,,,1,2
,,,1,1
,,,1,13
,,,1,1
,,,2,1
,,,1,2
,,,5,447
,,,9,11
,,,1,1
,,,5,4
,,,4,12
,,,15,9
,,,15,82
,,,8,5
,,,6,16
,,,2,1
,,,20,18
,,,6,3
,,,2,2
,,,1,1
,,,3,4
,,,104,4
,,,63,1
,,,31,4
,,,17,11
,,,4,51
,,,4,4
,,,1,1
,,,1,1
,,,4,14
,,,10,21
,,,9,1
,,,8,24
,,,17,23
,,,16,7
,,,2,9
,,,1,139
,,,2,1
,,,1,17
,,,1,50
,,,3,3
,,,11,4
,,,13,8
,,,1,3
,,,1,3
,,,1,5
,,,6,71
,,,1,3
,,,2,1
,,,3,1
,,,1,27
,,,1,3
,,,4,2
,,,1,9
,,,1,17
,,,1,14
,,,1,5
,,,1,114
,,,1,21
,,,7,1
,,,1,9
,,,1,1
,,,1,11
,,,1,2
,,,1,1
,,,1,24
,,,1,2
,,,1,17
,,,1,3
,,,3,16
,,,1,2
,,,1,2
,,,1,2
,,,1,3
,,,2,87
,,,1,1
,,,1,1
,,,1,4
,,,1,55
,,,1,4
,,,1,3
,,,1,1
,,,2,37
,,,17,4
,,,27,5
,,,39,4
,,,6,2
,,,24,1
,,,1,13
,,,1,1
,,,1,5
,,,1,1
,,,3,2
,,,1,1
,,,3,2
,,,6,2
,,,7,9
,,,6,5
,,,1,25
,,,6,1
,,,1,3
,,,2,10
,,,2,1
,,,3,1
,,,1,66
,,,3,1
,,,31,8
,,,151,120
,,,81,101
,,,78,10
,,,40,51
,,,32,7
,,,1,4
,,,19,6
,,,1,4
,,,1,1
,,,1,1
,,,1,1
,,,5,1
,,,1,4
,,,2,1
,,,7,1
,,,1,4
,,,7,6
,,,8,602
,,,17,1
,,,2,1
,,,1,1
,,,3,1
,,,2,1
,,,2,1
,,,1,1
,,,3,1
,,,2,1
,,,2,3
,,,3,1
,,,1,3
,,,20,1
,,,1,1
,,,2,37
,,,2,1
,,,1,1
,,,1,2
,,,1,1
,,,1,5
,,,30,7
,,,27,1
,,,9,1
,,,6,1
,,,1,1
,,,1,1
,,,1,1
,,,1,1
,,,5,1
,,,1,1
,,,2,1
,,,16,3
,,,5,1
,,,1,1
,,,3,1
,,,1,11
,,,1,4
,,,1,16
,,,1,6
,,,1,36
,,,2,35
,,,1,6
,,,1,1
,,,1,34
,,,1,5
,,,11,80
,,,2,1
,,,1,2
,,,1,1
,,,1,3
,,,1,9
,,,4,5
,,,26,96
,,,28,11
,,,34,3
,,,38,1
,,,28,21
,,,1,5
,,,2,3
,,,1,122
,,,1,28
,,,4,4
,,,6,4
,,,19,1
,,,12,3
,,,1,3
,,,1,
,,,5,
,,,8,
,,,4,
,,,1,
,,,6,
,,,8,
,,,1,
,,,1,
,,,1,
,,,1,
,,,1,
,,,34,
,,,14,
,,,11,
,,,5,
,,,4,
,,,2,
,,,3,
,,,30,
,,,14,
,,,1,
,,,1,
,,,2,
,,,1,
,,,3,
,,,3,
,,,1,
,,,11,
,,,6,
,,,2,
,,,1,
,,,4,
,,,3,
,,,1,
,,,1,
,,,7,
,,,6,
,,,1,
,,,1,
,,,3,
,,,2,
,,,1,
,,,1,
,,,1,
,,,1,
,,,1,
,,,1,
,,,4,
,,,2,
,,,1,
,,,3,
,,,1,
,,,1,
,,,1,
,,,1,
,,,1,
,,,15,
,,,35,
,,,3,
,,,2,
,,,1,
,,,1,
,,,2,
,,,1,
,,,3,
,,,1,
,,,4,
,,,13,
,,,10,
,,,1,
,,,3,
,,,3,
,,,1,
,,,1,
,,,1,
,,,1,
,,,1,
,,,2,
,,,37,
,,,33,
,,,11,
,,,5,
,,,2,
,,,1,
,,,1,
,,,7,
,,,1,
,,,1,
,,,1,
,,,7,
,,,55,
,,,1,
,,,1,
,,,3,
,,,3,
,,,7,
,,,6,
,,,2,
,,,2,
,,,1,
,,,2,
,,,1,
,,,17,
,,,32,
,,,6,
,,,2,
,,,1,
,,,2,
,,,1,
,,,7,
,,,20,
,,,22,
,,,53,
,,,66,
,,,3,
,,,1,
,,,1,
,,,2,
,,,8,
,,,3,
,,,1,
,,,2,
,,,3,
,,,5,
,,,46,
,,,53,
,,,2,
,,,1,
,,,1,
,,,1,
,,,1,
,,,3,
,,,5,
,,,1,
,,,1,
,,,3,
,,,1,
,,,1,
,,,2,
,,,3,
,,,2,
,,,1,
,,,5,
,,,8,
,,,1,
,,,1,
,,,1,
,,,17,
,,,21,
,,,1,
,,,1,
,,,9,
,,,18,
,,,2,
,,,6,
,,,6,
,,,1,
,,,1,
,,,2,
,,,4,
,,,6,
,,,4,
,,,1,
,,,1,
,,,1,
,,,2,
,,,5,
,,,1,
,,,3,
,,,20,
,,,9,
,,,10,
,,,5,
,,,1,
,,,1,
,,,1,
,,,3,
,,,18,
,,,3,
,,,1,
,,,2,
,,,52,
,,,49,
,,,22,
,,,9,
,,,2,
,,,3,
,,,3,
,,,8,
,,,7,
,,,21,
,,,11,
,,,11,
,,,1,
,,,2,
,,,3,
,,,1,
,,,1,
,,,1,
,,,16,
,,,10,
,,,4,
,,,1,
,,,1,
,,,1,
,,,1,
,,,1,
,,,1,
,,,1,
,,,1,
,,,1,
,,,1,
,,,1,
,,,1,
,,,1,
,,,1,
,,,6,
,,,1,
,,,1,
,,,1,
,,,1,
,,,1,
,,,1,
,,,1,
,,,1,
,,,1,
,,,2,
,,,4,
,,,12,
,,,21,
,,,23,
,,,1,
,,,7,
,,,15,
,,,1,
,,,2,
,,,1,
,,,1,
,,,1,
,,,1,
,,,1,
,,,1,
,,,1,
,,,1,
,,,1,
,,,9,
,,,7,
,,,17,
,,,2,
,,,8,
,,,1,
,,,2,
,,,8,
,,,1,
,,,2,
,,,53,
,,,152,
,,,86,
,,,82,
,,,109,
,,,1,
,,,49,
,,,1,
,,,1,
,,,1,
,,,6,
,,,16,
,,,19,
,,,1,
,,,1,
,,,1,
,,,1,
,,,3,
,,,14,
,,,3,
,,,17,
,,,2,
,,,1,
,,,1,
,,,1,
,,,1,
,,,1,
,,,1,
,,,1,
,,,1,
,,,2,
,,,2,
,,,1,
,,,2,
,,,16,
,,,2,
,,,2,
,,,2,
,,,2,
,,,39,
,,,30,
,,,1,
,,,1,
,,,1,
,,,1,
,,,1,
,,,1,
,,,1,
,,,1,
,,,3,
,,,3,
,,,10,
,,,3,
,,,5,
,,,3,
,,,3,
,,,2,
,,,1,
,,,1,
,,,1,
,,,1,
,,,1,
,,,2,
,,,2,
,,,1,
,,,1,
,,,1,
,,,1,
,,,1,
,,,26,
,,,37,
,,,23,
,,,45,
,,,1,
,,,15,
,,,5,
,,,1,
,,,1,
,,,1,
,,,2,
,,,8,
,,,21,
,,,1,
,,,1,
,,,8,
,,,25,
,,,1,
,,,21,
,,,1,
,,,1,
,,,1,
,,,3,
,,,24,
,,,17,
,,,12,
,,,5,
,,,1,
,,,1,
,,,3,
,,,38,
,,,23,
,,,1,
,,,1,
,,,1,
,,,1,
,,,1,
,,,1,
,,,1,
,,,1,
,,,3,
,,,1,
,,,9,
,,,10,
,,,1,
,,,1,
,,,1,
,,,1,
,,,1,
,,,2,
,,,4,
,,,3,
,,,1,
,,,1,
,,,1,
,,,1,
,,,1,
,,,4,
,,,2,
,,,5,
,,,1,
,,,1,
,,,1,
,,,1,
,,,1,
,,,23,
,,,46,
,,,11,
,,,2,
,,,1,
,,,2,
,,,2,
,,,2,
,,,5,
,,,2,
,,,1,
,,,24,
,,,9,
,,,5,
,,,1,
,,,1,
,,,1,
,,,1,
,,,32,
,,,36,
,,,1,
,,,5,
,,,4,
,,,2,
,,,4,
,,,3,
,,,1,
,,,4,
,,,6,
,,,8,
,,,2,
,,,1,
,,,1,
,,,1,
,,,2,
,,,2,
,,,14,
,,,30,
,,,10,
,,,4,
,,,1,
,,,1,
,,,1,
,,,1,
,,,14,
,,,19,
,,,50,
,,,64,
,,,1,
,,,5,
,,,6,
,,,5,
,,,3,
,,,5,
,,,62,
,,,1,
,,,2,
,,,1,
,,,3,
,,,1,
,,,4,
,,,2,
,,,2,
,,,2,
,,,1,
,,,8,
,,,1,
,,,1,
,,,1,
,,,1,
,,,1,
,,,1,
,,,4,
,,,1,
,,,1,
,,,1,
,,,3,
,,,1,
,,,5,
,,,18,
,,,1,
,,,17,
,,,1,
,,,2,
,,,5,
,,,1,
,,,1,
,,,3,
,,,2,
,,,7,
,,,1,
,,,1,
,,,1,
,,,1,
,,,1,
,,,2,
,,,2,
,,,1,
,,,15,
,,,13,
,,,5,
,,,12,
,,,1,
,,,1,
,,,2,
,,,9,
,,,1,
,,,1,
,,,13,
,,,52,
,,,64,
,,,12,
,,,6,
,,,2,
,,,4,
,,,7,
,,,9,
,,,12,
,,,7,
,,,14,
,,,3,
,,,1,
,,,1,
,,,25,
,,,1,
,,,2,
,,,2,
,,,3,
,,,6,
,,,1,
,,,1,
,,,2,
,,,1,
,,,1,
,,,5,
,,,1,
,,,1,
,,,1,
,,,1,
,,,4,
,,,3,
,,,1,
,,,1,
,,,1,
,,,1,
,,,1,
,,,1,
,,,1,
,,,1,
,,,1,
,,,1,
,,,3,
,,,3,
,,,13,
,,,30,
,,,1,
,,,14,
,,,1,
,,,1,
,,,1,
,,,1,
,,,1,
,,,1,
,,,1,
,,,4,
,,,9,
,,,3,
,,,7,
,,,1,
,,,2,
,,,1,
,,,1,
,,,5,
,,,2,
,,,1,
,,,36,
,,,127,
,,,90,
,,,77,
,,,78,
,,,7,
,,,23,
,,,3,
,,,1,
,,,1,
,,,1,
,,,5,
,,,1,
,,,16,
,,,1,
,,,1,
,,,2,
,,,6,
,,,13,
,,,34,
,,,6,
,,,9,
,,,1,
,,,1,
,,,1,
,,,3,
,,,2,
,,,3,
,,,1,
,,,12,
,,,1,
,,,1,
,,,1,
,,,2,
,,,3,
,,,29,
,,,19,
,,,1,
,,,3,
,,,1,
,,,3,
,,,2,
,,,1,
,,,2,
,,,1,
,,,5,
,,,13,
,,,7,
,,,3,
,,,1,
,,,1,
,,,1,
,,,3,
,,,1,
,,,2,
,,,5,
,,,6,
,,,1,
,,,1,
,,,1,
,,,2,
,,,1,
,,,18,
,,,44,
,,,39,
,,,44,
,,,2,
,,,9,
,,,1,
,,,1,
,,,1,
,,,1,
,,,1,
,,,8,
,,,36,
,,,1,
,,,1,
,,,3,
,,,12,
,,,3,
,,,21,
,,,1,
,,,1,
,,,1,
,,,1,
,,,2,
,,,2,
,,,2,
,,,51,
,,,15,
,,,20,
,,,4,
,,,2,
,,,38,
,,,16,
,,,1,
,,,5,
,,,3,
,,,6,
,,,1,
,,,1,
,,,8,
,,,6,
,,,1,
,,,1,
,,,1,
,,,2,
,,,1,
,,,1,
,,,1,
,,,1,
,,,3,
,,,139,
,,,1,
,,,1,
,,,1,
,,,1,
,,,1,
,,,3,
,,,3,
,,,7,
,,,1,
,,,1,
,,,1,
,,,1,
,,,1,
,,,2,
,,,45,
,,,34,
,,,13,
,,,2,
,,,1,
,,,1,
,,,1,
,,,1,
,,,2,
,,,1,
,,,3,
,,,1,
,,,1,
,,,1,
,,,1,
,,,17,
,,,8,
,,,2,
,,,3,
,,,1,
,,,1,
,,,1,
,,,2,
,,,5,
,,,27,
,,,36,
,,,1,
,,,1,
,,,1,
,,,2,
,,,1,
,,,3,
,,,1,
,,,9,
,,,2,
,,,1,
,,,1,
,,,2,
,,,9,
,,,11,
,,,20,
,,,1,
,,,1,
,,,1,
,,,1,
,,,2,
,,,2,
,,,1,
,,,2,
,,,3,
,,,2,
,,,12,
,,,18,
,,,8,
,,,11,
,,,1,
,,,1,
,,,6,
,,,15,
,,,49,
,,,43,
,,,65,
,,,3,
,,,12,
,,,2,
,,,2,
,,,10,
,,,40,
,,,1,
,,,2,
,,,8,
,,,1,
,,,1,
,,,4,
,,,1,
,,,2,
,,,1,
,,,4,
,,,1,
,,,1,
,,,4,
,,,2,
,,,1,
,,,1,
,,,1,
,,,3,
,,,32,
,,,21,
,,,2,
,,,1,
,,,22,
,,,1,
,,,1,
,,,1,
,,,1,
,,,1,
,,,1,
,,,4,
,,,1,
,,,1,
,,,2,
,,,1,
,,,6,
,,,9,
,,,1,
,,,1,
,,,1,
,,,4,
,,,1,
,,,15,
,,,18,
,,,5,
,,,11,
,,,1,
,,,1,
,,,4,
,,,1,
,,,1,
,,,1,
,,,12,
,,,39,
,,,58,
,,,20,
,,,8,
,,,1,
,,,1,
,,,4,
,,,4,
,,,18,
,,,3,
,,,1,
,,,3,
,,,5,
,,,1,
,,,15,
,,,1,
,,,1,
,,,3,
,,,2,
,,,4,
,,,1,
,,,2,
,,,1,
,,,1,
,,,1,
,,,1,
,,,4,
,,,4,
,,,2,
,,,1,
,,,1,
,,,1,
,,,1,
,,,2,
,,,1,
,,,1,
,,,1,
,,,2,
,,,1,
,,,1,
,,,1,
,,,1,
,,,1,
,,,1,
,,,2,
,,,1,
,,,1,
,,,4,
,,,18,
,,,22,
,,,29,
,,,1,
,,,1,
,,,1,
,,,1,
,,,1,
,,,1,
,,,2,
,,,1,
,,,6,
,,,7,
,,,6,
,,,4,
,,,4,
,,,1,
,,,1,
,,,2,
,,,3,
,,,1,
,,,1,
,,,1,
,,,1,
,,,3,
,,,16,
,,,36,
,,,129,
,,,79,
,,,81,
,,,70,
,,,9,
,,,10,
,,,3,
,,,1,
,,,1,
,,,1,
,,,7,
,,,3,
,,,6,
,,,1,
,,,1,
,,,10,
,,,12,
,,,45,
,,,6,
,,,2,
,,,1,
,,,2,
,,,1,
,,,1,
,,,4,
,,,2,
,,,1,
,,,1,
,,,4,
,,,19,
,,,11,
,,,4,
,,,1,
,,,1,
,,,1,
,,,2,
,,,13,
,,,12,
,,,1,
,,,2,
,,,2,
,,,2,
,,,1,
,,,1,
,,,3,
,,,1,
,,,12,
,,,13,
,,,11,
,,,3,
,,,1,
,,,1,
,,,1,
,,,2,
,,,6,
,,,1,
,,,1,
,,,13,
,,,5,
,,,7,
,,,1,
,,,1,
,,,1,
,,,2,
,,,1,
,,,27,
,,,54,
,,,28,
,,,40,
,,,3,
,,,6,
,,,1,
,,,1,
,,,1,
,,,10,
,,,32,
,,,3,
,,,9,
,,,7,
,,,8,
,,,21,
,,,3,
,,,1,
,,,1,
,,,1,
,,,1,
,,,2,
,,,1,
,,,34,
,,,9,
,,,18,
,,,1,
,,,3,
,,,20,
,,,26,
,,,8,
,,,1,
,,,1,
,,,2,
,,,1,
,,,3,
,,,2,
,,,6,
,,,1,
,,,9,
,,,6,
,,,1,
,,,2,
,,,5,
,,,26,
,,,3,
,,,1,
,,,4,
,,,1,
,,,3,
,,,1,
,,,3,
,,,5,
,,,1,
,,,2,
,,,40,
,,,19,
,,,1,
,,,2,
,,,2,
,,,1,
,,,1,
,,,2,
,,,2,
,,,1,
,,,2,
,,,1,
,,,1,
,,,21,
,,,3,
,,,3,
,,,6,
,,,1,
,,,6,
,,,27,
,,,29,
,,,2,
,,,1,
,,,2,
,,,1,
,,,1,
,,,1,
,,,1,
,,,3,
,,,13,
,,,1,
,,,1,
,,,1,
,,,5,
,,,17,
,,,10,
,,,1,
,,,3,
,,,1,
,,,1,
,,,1,
,,,2,
,,,2,
,,,2,
,,,6,
,,,17,
,,,36,
,,,7,
,,,4,
,,,1,
,,,1,
,,,1,
,,,7,
,,,23,
,,,31,
,,,44,
,,,76,
,,,4,
,,,9,
,,,2,
,,,2,
,,,1,
,,,7,
,,,32,
,,,1,
,,,1,
,,,1,
,,,2,
,,,5,
,,,3,
,,,1,
,,,2,
,,,4,
,,,4,
,,,1,
,,,1,
,,,1,
,,,1,
,,,1,
,,,2,
,,,1,
,,,19,
,,,14,
,,,2,
,,,2,
,,,13,
,,,1,
,,,1,
,,,1,
,,,3,
,,,1,
,,,3,
,,,4,
,,,5,
,,,1,
,,,1,
,,,1,
,,,5,
,,,2,
,,,2,
,,,4,
,,,18,
,,,2,
,,,13,
,,,2,
,,,1,
,,,5,
,,,1,
,,,6,
,,,81,
,,,39,
,,,20,
,,,12,
,,,5,
,,,3,
,,,12,
,,,11,
,,,7,
,,,1,
,,,2,
,,,1,
,,,1,
,,,3,
,,,1,
,,,11,
,,,1,
,,,1,
,,,1,
,,,1,
,,,2,
,,,7,
,,,2,
,,,2,
,,,1,
,,,2,
,,,1,
,,,1,
,,,3,
,,,6,
,,,2,
,,,1,
,,,2,
,,,1,
,,,1,
,,,1,
,,,1,
,,,1,
,,,1,
,,,1,
,,,1,
,,,1,
,,,1,
,,,1,
,,,1,
,,,1,
,,,1,
,,,1,
,,,1,
,,,7,
,,,14,
,,,26,
,,,12,
,,,1,
,,,1,
,,,1,
,,,1,
,,,3,
,,,1,
,,,1,
,,,1,
,,,1,
,,,1,
,,,4,
,,,11,
,,,6,
,,,5,
,,,3,
,,,2,
,,,1,
,,,1,
,,,7,
,,,1,
,,,1,
,,,3,
,,,1,
,,,2,
,,,1,
,,,30,
,,,26,
,,,144,
,,,92,
,,,82,
,,,43,
,,,8,
,,,10,
,,,1,
,,,1,
,,,4,
,,,1,
,,,1,
,,,1,
,,,1,
,,,1,
,,,1,
,,,5,
,,,1,
,,,10,
,,,3,
,,,1,
,,,1,
,,,1,
,,,12,
,,,11,
,,,38,
,,,3,
,,,3,
,,,4,
,,,2,
,,,1,
,,,1,
,,,1,
,,,4,
,,,6,
,,,2,
,,,1,
,,,1,
,,,2,
,,,1,
,,,10,
,,,15,
,,,9,
,,,2,
,,,1,
,,,2,
,,,3,
,,,4,
,,,23,
,,,15,
,,,1,
,,,2,
,,,1,
,,,1,
,,,2,
,,,1,
,,,2,
,,,2,
,,,1,
,,,2,
,,,1,
,,,1,
,,,18,
,,,7,
,,,10,
,,,5,
,,,1,
,,,4,
,,,1,
,,,1,
,,,1,
,,,1,
,,,1,
,,,5,
,,,1,
,,,15,
,,,3,
,,,8,
,,,1,
,,,7,
,,,21,
,,,63,
,,,17,
,,,22,
,,,3,
,,,4,
,,,1,
,,,2,
,,,1,
,,,2,
,,,2,
,,,24,
,,,29,
,,,1,
,,,3,
,,,17,
,,,8,
,,,8,
,,,27,
,,,2,
,,,1,
,,,1,
,,,1,
,,,1,
,,,1,
,,,1,
,,,1,
,,,1,
,,,32,
,,,6,
,,,19,
,,,3,
,,,1,
,,,3,
,,,1,
,,,1,
,,,25,
,,,28,
,,,6,
,,,1,
,,,1,
,,,1,
,,,2,
,,,2,
,,,3,
,,,3,
,,,1,
,,,12,
,,,5,
,,,2,
,,,1,
,,,1,
,,,4,
,,,12,
,,,1,
,,,1,
,,,1,
,,,1,
,,,3,
,,,4,
,,,2,
,,,3,
,,,2,
,,,5,
,,,3,
,,,6,
,,,1,
,,,1,
,,,2,
,,,4,
,,,1,
,,,52,
,,,13,
,,,1,
,,,1,
,,,2,
,,,1,
,,,1,
,,,1,
,,,1,
,,,1,
,,,2,
,,,3,
,,,2,
,,,2,
,,,1,
,,,1,
,,,20,
,,,4,
,,,3,
,,,7,
,,,1,
,,,3,
,,,1,
,,,8,
,,,24,
,,,29,
,,,1,
,,,2,
,,,7,
,,,1,
,,,14,
,,,2,
,,,1,
,,,1,
,,,10,
,,,29,
,,,14,
,,,1,
,,,1,
,,,1,
,,,1,
,,,2,
,,,5,
,,,26,
,,,41,
,,,3,
,,,4,
,,,1,
,,,4,
,,,12,
,,,18,
,,,36,
,,,62,
,,,71,
,,,4,
,,,7,
,,,4,
,,,2,
,,,7,
,,,48,
,,,1,
,,,1,
,,,1,
,,,1,
,,,4,
,,,2,
,,,4,
,,,4,
,,,2,
,,,4,
,,,1,
,,,1,
,,,1,
,,,3,
,,,1,
,,,3,
,,,1,
,,,2,
,,,1,
,,,28,
,,,18,
,,,1,
,,,25,
,,,1,
,,,1,
,,,2,
,,,1,
,,,6,
,,,1,
,,,3,
,,,5,
,,,2,
,,,2,
,,,1,
,,,2,
,,,1,
,,,1,
,,,3,
,,,10,
,,,10,
,,,2,
,,,9,
,,,1,
,,,1,
,,,4,
,,,3,
,,,1,
,,,3,
,,,12,
,,,71,
,,,26,
,,,28,
,,,6,
,,,1,
,,,1,
,,,1,
,,,4,
,,,1,
,,,9,
,,,13,
,,,11,
,,,1,
,,,1,
,,,1,
,,,4,
,,,11,
,,,2,
,,,1,
,,,1,
,,,1,
,,,3,
,,,3,
,,,1,
,,,1,
,,,1,
,,,1,
,,,1,
,,,11,
,,,1,
,,,1,
,,,3,
,,,1,
,,,1,
,,,1,
,,,1,
,,,1,
,,,1,
,,,1,
,,,1,
,,,1,
,,,1,
,,,1,
,,,1,
,,,1,
,,,4,
,,,7,
,,,19,
,,,32,
,,,16,
,,,1,
,,,1,
,,,1,
,,,1,
,,,5,
,,,1,
,,,21,
,,,6,
,,,6,
,,,5,
,,,1,
,,,8,
,,,2,
,,,3,
,,,23,
,,,40,
,,,91,
,,,114,
,,,64,
,,,69,
,,,18,
,,,7,
,,,1,
,,,2,
,,,1,
,,,2,
,,,3,
,,,2,
,,,1,
,,,2,
,,,4,
,,,20,
,,,2,
,,,1,
,,,2,
,,,1,
,,,7,
,,,15,
,,,53,
,,,1,
,,,2,
,,,3,
,,,2,
,,,4,
,,,2,
,,,2,
,,,1,
,,,1,
,,,1,
,,,1,
,,,4,
,,,3,
,,,1,
,,,11,
,,,15,
,,,8,
,,,5,
,,,1,
,,,4,
,,,2,
,,,2,
,,,1,
,,,1,
,,,1,
,,,27,
,,,35,
,,,3,
,,,3,
,,,1,
,,,3,
,,,1,
,,,2,
,,,1,
,,,1,
,,,3,
,,,1,
,,,1,
,,,25,
,,,10,
,,,6,
,,,6,
,,,3,
,,,1,
,,,1,
,,,1,
,,,1,
,,,3,
,,,9,
,,,1,
,,,14,
,,,2,
,,,9,
,,,6,
,,,18,
,,,50,
,,,31,
,,,51,
,,,1,
,,,2,
,,,1,
,,,2,
,,,1,
,,,4,
,,,24,
,,,14,
,,,1,
,,,3,
,,,10,
,,,5,
,,,2,
,,,18,
,,,1,
,,,1,
,,,1,
,,,1,
,,,1,
,,,2,
,,,1,
,,,1,
,,,2,
,,,14,
,,,8,
,,,10,
,,,1,
,,,1,
,,,3,
,,,2,
,,,1,
,,,32,
,,,22,
,,,10,
,,,1,
,,,1,
,,,1,
,,,1,
,,,4,
,,,1,
,,,3,
,,,6,
,,,1,
,,,1,
,,,8,
,,,2,
,,,1,
,,,1,
,,,1,
,,,1,
,,,2,
,,,3,
,,,1,
,,,1,
,,,10,
,,,1,
,,,4,
,,,4,
,,,1,
,,,1,
,,,1,
,,,4,
,,,5,
,,,2,
,,,1,
,,,1,
,,,5,
,,,1,
,,,1,
,,,4,
,,,1,
,,,1,
,,,2,
,,,61,
,,,10,
,,,1,
,,,1,
,,,2,
,,,1,
,,,1,
,,,2,
,,,1,
,,,1,
,,,1,
,,,2,
,,,2,
,,,3,
,,,22,
,,,3,
,,,2,
,,,1,
,,,1,
,,,1,
,,,2,
,,,3,
,,,2,
,,,2,
,,,12,
,,,25,
,,,1,
,,,2,
,,,1,
,,,1,
,,,4,
,,,1,
,,,1,
,,,1,
,,,1,
,,,29,
,,,1,
,,,2,
,,,1,
,,,1,
,,,10,
,,,11,
,,,15,
,,,1,
,,,1,
,,,1,
,,,1,
,,,5,
,,,24,
,,,17,
,,,10,
,,,5,
,,,4,
,,,1,
,,,3,
,,,11,
,,,35,
,,,45,
,,,67,
,,,61,
,,,3,
,,,1,
,,,7,
,,,6,
,,,4,
,,,2,
,,,2,
,,,6,
,,,51,
,,,1,
,,,1,
,,,5,
,,,1,
,,,2,
,,,2,
,,,1,
,,,5,
,,,4,
,,,1,
,,,1,
,,,1,
,,,1,
,,,4,
,,,6,
,,,1,
,,,27,
,,,21,
,,,1,
,,,28,
,,,1,
,,,1,
,,,1,
,,,3,
,,,3,
,,,5,
,,,4,
,,,3,
,,,1,
,,,3,
,,,1,
,,,1,
,,,15,
,,,3,
,,,15,
,,,12,
,,,6,
,,,20,
,,,2,
,,,1,
,,,8,
,,,1,
,,,4,
,,,8,
,,,52,
,,,22,
,,,11,
,,,7,
,,,1,
,,,1,
,,,1,
,,,7,
,,,4,
,,,10,
,,,12,
,,,12,
,,,3,
,,,1,
,,,4,
,,,11,
,,,1,
,,,1,
,,,2,
,,,6,
,,,3,
,,,1,
,,,2,
,,,1,
,,,1,
,,,1,
,,,1,
,,,3,
,,,2,
,,,1,
,,,1,
,,,1,
,,,1,
,,,1,
,,,1,
,,,1,
,,,1,
,,,1,
,,,1,
,,,1,
,,,2,
,,,1,
,,,12,
,,,18,
,,,26,
,,,1,
,,,9,
,,,1,
,,,1,
,,,1,
,,,4,
,,,1,
,,,1,
,,,9,
,,,1,
,,,14,
,,,8,
,,,5,
,,,1,
,,,1,
,,,1,
,,,6,
,,,7,
,,,1,
,,,2,
,,,1,
,,,1,
,,,1,
,,,1,
,,,23,
,,,32,
,,,83,
,,,98,
,,,48,
,,,58,
,,,37,
,,,7,
,,,1,
,,,2,
,,,4,
,,,2,
,,,1,
,,,1,
,,,1,
,,,3,
,,,14,
,,,3,
,,,1,
,,,12,
,,,8,
,,,50,
,,,2,
,,,2,
,,,4,
,,,2,
,,,3,
,,,1,
,,,1,
,,,1,
,,,8,
,,,6,
,,,2,
,,,8,
,,,19,
,,,3,
,,,9,
,,,1,
,,,3,
,,,2,
,,,1,
,,,2,
,,,2,
,,,1,
,,,26,
,,,52,
,,,1,
,,,4,
,,,1,
,,,1,
,,,1,
,,,1,
,,,1,
,,,5,
,,,1,
,,,2,
,,,2,
,,,1,
,,,35,
,,,3,
,,,3,
,,,9,
,,,4,
,,,1,
,,,2,
,,,3,
,,,1,
,,,1,
,,,11,
,,,8,
,,,6,
,,,3,
,,,1,
,,,8,
,,,15,
,,,35,
,,,24,
,,,23,
,,,1,
,,,1,
,,,1,
,,,2,
,,,1,
,,,4,
,,,2,
,,,30,
,,,22,
,,,3,
,,,3,
,,,21,
,,,10,
,,,4,
,,,13,
,,,6,
,,,1,
,,,1,
,,,1,
,,,1,
,,,3,
,,,1,
,,,2,
,,,18,
,,,8,
,,,12,
,,,1,
,,,6,
,,,4,
,,,1,
,,,1,
,,,28,
,,,16,
,,,6,
,,,1,
,,,1,
,,,1,
,,,1,
,,,2,
,,,4,
,,,2,
,,,4,
,,,1,
,,,1,
,,,1,
,,,1,
,,,3,
,,,5,
,,,3,
,,,1,
,,,2,
,,,1,
,,,1,
,,,4,
,,,1,
,,,1,
,,,2,
,,,1,
,,,4,
,,,3,
,,,5,
,,,1,
,,,1,
,,,1,
,,,8,
,,,1,
,,,1,
,,,1,
,,,1,
,,,1,
,,,1,
,,,2,
,,,1,
,,,3,
,,,2,
,,,1,
,,,1,
,,,1,
,,,1,
,,,44,
,,,12,
,,,1,
,,,1,
,,,1,
,,,1,
,,,2,
,,,1,
,,,1,
,,,2,
,,,1,
,,,9,
,,,13,
,,,1,
,,,2,
,,,1,
,,,1,
,,,1,
,,,1,
,,,1,
,,,1,
,,,5,
,,,22,
,,,2,
,,,1,
,,,7,
,,,1,
,,,2,
,,,47,
,,,2,
,,,1,
,,,1,
,,,2,
,,,12,
,,,11,
,,,20,
,,,1,
,,,1,
,,,8,
,,,18,
,,,11,
,,,11,
,,,15,
,,,1,
,,,2,
,,,20,
,,,31,
,,,34,
,,,53,
,,,49,
,,,1,
,,,3,
,,,5,
,,,4,
,,,1,
,,,2,
,,,3,
,,,6,
,,,43,
,,,5,
,,,1,
,,,1,
,,,2,
,,,1,
,,,1,
,,,2,
,,,1,
,,,1,
,,,2,
,,,1,
,,,1,
,,,1,
,,,7,
,,,1,
,,,33,
,,,31,
,,,2,
,,,15,
,,,2,
,,,2,
,,,7,
,,,8,
,,,5,
,,,2,
,,,3,
,,,3,
,,,1,
,,,1,
,,,1,
,,,1,
,,,11,
,,,3,
,,,17,
,,,18,
,,,9,
,,,21,
,,,9,
,,,1,
,,,5,
,,,1,
,,,11,
,,,54,
,,,20,
,,,15,
,,,6,
,,,1,
,,,1,
,,,1,
,,,16,
,,,7,
,,,15,
,,,7,
,,,7,
,,,2,
,,,4,
,,,1,
,,,2,
,,,10,
,,,1,
,,,1,
,,,1,
,,,1,
,,,4,
,,,3,
,,,2,
,,,1,
,,,2,
,,,1,
,,,1,
,,,1,
,,,1,
,,,3,
,,,4,
,,,1,
,,,1,
,,,1,
,,,1,
,,,1,
,,,1,
,,,1,
,,,1,
,,,1,
,,,1,
,,,1,
,,,1,
,,,1,
,,,1,
,,,2,
,,,1,
,,,2,
,,,17,
,,,19,
,,,20,
,,,1,
,,,1,
,,,14,
,,,1,
,,,3,
,,,6,
,,,1,
,,,2,
,,,1,
,,,2,
,,,14,